-- phpMyAdmin SQL Dump
-- version 4.5.4.1deb2ubuntu2
-- http://www.phpmyadmin.net
--
-- Host: localhost
-- Generation Time: Jul 23, 2018 at 06:29 PM
-- Server version: 5.7.22-0ubuntu0.16.04.1
-- PHP Version: 7.0.30-0ubuntu0.16.04.1

SET SQL_MODE = "NO_AUTO_VALUE_ON_ZERO";
SET time_zone = "+00:00";


/*!40101 SET @OLD_CHARACTER_SET_CLIENT=@@CHARACTER_SET_CLIENT */;
/*!40101 SET @OLD_CHARACTER_SET_RESULTS=@@CHARACTER_SET_RESULTS */;
/*!40101 SET @OLD_COLLATION_CONNECTION=@@COLLATION_CONNECTION */;
/*!40101 SET NAMES utf8mb4 */;

--
-- Database: `ProjectBase`
--

-- --------------------------------------------------------

--
-- Table structure for table `pb_acl_roles`
--

CREATE TABLE `pb_acl_roles` (
  `role_id` int(11) NOT NULL,
  `level` int(4) NOT NULL,
  `role_group` varchar(11) NOT NULL,
  `role_type` varchar(11) NOT NULL,
  `role_description` text NOT NULL,
  `role_name` varchar(32) NOT NULL,
  `resource` varchar(11) NOT NULL DEFAULT 'ALL'
) ENGINE=InnoDB DEFAULT CHARSET=utf8;

--
-- Dumping data for table `pb_acl_roles`
--

INSERT INTO `pb_acl_roles` (`role_id`, `level`, `role_group`, `role_type`, `role_description`, `role_name`, `resource`) VALUES
(1, 1, 'news', 'all', 'admin news role description', 'L_NEWS_ADMIN_ALL', 'ALL'),
(2, 1, 'admin', 'all', 'Admin all description', 'L_ADMIN_ALL', 'ALL'),
(3, 2, 'admin', 'read', 'Admin read desc', 'L_ADMIN_READ', 'ALL'),
(4, 3, 'admin', 'change', 'admin change desc', 'L_ADMIN_CHANGE', 'ALL');

-- --------------------------------------------------------

--
-- Table structure for table `pb_acl_users`
--

CREATE TABLE `pb_acl_users` (
  `urid` int(11) NOT NULL,
  `uid` int(11) NOT NULL,
  `role_id` int(11) NOT NULL
) ENGINE=InnoDB DEFAULT CHARSET=utf8;

--
-- Dumping data for table `pb_acl_users`
--

INSERT INTO `pb_acl_users` (`urid`, `uid`, `role_id`) VALUES
(1, 1, 1),
(2, 1, 2);

-- --------------------------------------------------------

--
-- Table structure for table `pb_adv_stats`
--

CREATE TABLE `pb_adv_stats` (
  `advstatid` int(11) NOT NULL,
  `type` varchar(32) NOT NULL,
  `uid` int(11) DEFAULT NULL,
  `plugin` varchar(11) NOT NULL,
  `lang` varchar(2) DEFAULT NULL,
  `rid` int(11) DEFAULT NULL,
  `ip` varchar(32) DEFAULT NULL,
  `hostname` varchar(64) DEFAULT NULL,
  `referer` varchar(256) DEFAULT NULL,
  `user_agent` varchar(400) DEFAULT NULL,
  `counter` int(11) NOT NULL,
  `last_change` timestamp NOT NULL DEFAULT CURRENT_TIMESTAMP ON UPDATE CURRENT_TIMESTAMP
) ENGINE=InnoDB DEFAULT CHARSET=utf8;


--
-- Table structure for table `pb_aggregator`
--

CREATE TABLE `pb_aggregator` (
  `ag_id` int(11) NOT NULL,
  `lang_id` int(6) NOT NULL,
  `title` varchar(128) NOT NULL,
  `lead` text NOT NULL,
  `url` varchar(256) NOT NULL,
  `author_id` int(11) NOT NULL,
  `class` varchar(11) NOT NULL,
  `type` varchar(32) NOT NULL,
  `category` int(11) NOT NULL,
  `created` timestamp NOT NULL DEFAULT CURRENT_TIMESTAMP,
  `last_edited` timestamp NOT NULL DEFAULT CURRENT_TIMESTAMP ON UPDATE CURRENT_TIMESTAMP,
  `frontpage` tinyint(1) NOT NULL DEFAULT '0',
  `moderation` tinyint(1) NOT NULL DEFAULT '0',
  `visits` int(32) NOT NULL DEFAULT '0',
  `disable` tinyint(1) NOT NULL DEFAULT '0',
  `tags` varchar(128) NOT NULL,
  `rating` float(2,1) NOT NULL DEFAULT '0.0',
  `rating_closed` tinyint(1) NOT NULL DEFAULT '0'
) ENGINE=InnoDB DEFAULT CHARSET=utf8;


-- --------------------------------------------------------

--
-- Table structure for table `pb_categories`
--

CREATE TABLE `pb_categories` (
  `cid` int(11) NOT NULL,
  `plugin` varchar(11) NOT NULL,
  `lang_id` int(11) NOT NULL,
  `name` varchar(32) NOT NULL,
  `father` smallint(3) NOT NULL DEFAULT '0',
  `weight` smallint(3) NOT NULL DEFAULT '0',
  `acl` varchar(32) DEFAULT NULL,
  `admin` tinyint(1) NOT NULL DEFAULT '0',
  `views` int(11) NOT NULL DEFAULT '0'
) ENGINE=InnoDB DEFAULT CHARSET=utf8;

--
-- Dumping data for table `pb_categories`
--

INSERT INTO `pb_categories` (`cid`, `plugin`, `lang_id`, `name`, `father`, `weight`, `acl`, `admin`, `views`) VALUES
(1, 'Newspage', 1, 'Noticias', 0, 1, NULL, 0, 0),
(1, 'Newspage', 2, 'News', 0, 1, NULL, 0, 0),
(2, 'Newspage', 1, 'Tecnologia', 1, 0, NULL, 0, 0),
(2, 'Newspage', 2, 'Tech', 1, 0, NULL, 0, 0),
(3, 'Newspage', 1, 'Deportes', 1, 0, NULL, 0, 0),
(3, 'Newspage', 2, 'Sports', 1, 0, NULL, 0, 0),
(4, 'Newspage', 1, 'Ocio', 1, 0, NULL, 0, 0),
(4, 'Newspage', 2, 'Entertainment', 1, 0, NULL, 0, 0),
(5, 'Newspage', 1, 'Cultura', 1, 0, NULL, 0, 0),
(5, 'Newspage', 2, 'Culture', 1, 0, NULL, 0, 0),
(6, 'Newspage', 1, 'Futbol', 3, 0, NULL, 0, 0),
(6, 'Newspage', 2, 'Football', 3, 0, NULL, 0, 0),
(7, 'Newspage', 1, 'Baloncesto', 3, 0, NULL, 0, 0),
(7, 'Newspage', 2, 'Basket', 3, 0, NULL, 0, 0),
(8, 'Newspage', 1, 'Nacional', 1, 0, NULL, 0, 0),
(8, 'Newspage', 2, 'National', 1, 0, NULL, 0, 0),
(9, 'Newspage', 1, 'Internacional', 1, 0, NULL, 0, 0),
(9, 'Newspage', 2, 'International', 1, 0, NULL, 0, 0),
(10, 'Newspage', 1, 'Libros', 5, 0, NULL, 0, 0),
(10, 'Newspage', 2, 'Books', 5, 0, NULL, 0, 0),
(11, 'Newspage', 1, 'Cine', 5, 0, NULL, 0, 0),
(11, 'Newspage', 2, 'Movies', 5, 0, NULL, 0, 0),
(12, 'Newspage', 1, 'Formula_1', 3, 0, NULL, 0, 0),
(12, 'Newspage', 2, 'Formule_1', 3, 0, NULL, 0, 0),
(13, 'Newspage', 1, 'Opinión', 0, 2, NULL, 0, 0),
(13, 'Newspage', 2, 'Opinion', 0, 2, NULL, 0, 0),
(14, 'Newspage', 1, 'Editoriales', 13, 0, NULL, 1, 0),
(14, 'Newspage', 2, 'Editorials', 13, 0, NULL, 1, 0),
(15, 'Newspage', 1, 'Lectores', 13, 0, NULL, 0, 0),
(15, 'Newspage', 2, 'Readers', 13, 0, NULL, 0, 0),
(16, 'Newspage', 1, 'España', 8, 0, NULL, 0, 0),
(16, 'Newspage', 2, 'Spain', 8, 0, NULL, 0, 0),
(17, 'Newspage', 1, 'USA', 8, 0, NULL, 0, 0),
(17, 'Newspage', 2, 'US', 8, 0, NULL, 0, 0),
(18, 'Newspage', 1, 'Inglaterra', 8, 0, NULL, 0, 0),
(18, 'Newspage', 2, 'England', 8, 0, NULL, 0, 0),
(19, 'Newspage', 1, 'Francia', 8, 0, NULL, 0, 0),
(19, 'Newspage', 2, 'France', 8, 0, NULL, 0, 0),
(20, 'Newspage', 1, 'Alemania', 8, 0, NULL, 0, 0),
(20, 'Newspage', 2, 'Germany', 8, 0, NULL, 0, 0),
(21, 'Newspage', 1, 'Columnistas', 13, 0, NULL, 0, 0),
(21, 'Newspage', 2, 'Columnists', 13, 0, NULL, 0, 0),
(23, 'Newspage', 1, 'Belgica', 8, 0, NULL, 0, 0),
(23, 'Newspage', 2, 'Belgium', 8, 0, NULL, 0, 0),
(24, 'Newspage', 1, 'Articulos', 0, 3, NULL, 0, 0),
(24, 'Newspage', 2, 'Articles', 0, 3, NULL, 0, 0),
(25, 'SAggregator', 1, 'Todos', 0, 0, NULL, 0, 0),
(25, 'SAggregator', 2, 'All', 0, 0, NULL, 0, 0),
(26, 'SAggregator', 1, 'Noticias', 0, 0, NULL, 0, 0),
(26, 'SAggregator', 2, 'News', 0, 0, NULL, 0, 0);

-- --------------------------------------------------------

--
-- Table structure for table `pb_comments`
--

CREATE TABLE `pb_comments` (
  `cid` int(11) NOT NULL,
  `plugin` varchar(11) NOT NULL,
  `resource_id` int(11) NOT NULL,
  `lang_id` tinyint(2) NOT NULL,
  `message` longtext NOT NULL,
  `author_id` int(11) NOT NULL,
  `date` timestamp NOT NULL DEFAULT CURRENT_TIMESTAMP,
  `rating` float NOT NULL DEFAULT '0',
  `rating_closed` tinyint(1) NOT NULL DEFAULT '0'
) ENGINE=InnoDB DEFAULT CHARSET=utf8;

-- --------------------------------------------------------

--
-- Table structure for table `pb_lang`
--

CREATE TABLE `pb_lang` (
  `lang_id` int(11) NOT NULL,
  `lang_name` varchar(11) NOT NULL,
  `iso_code` varchar(11) NOT NULL,
  `active` tinyint(1) NOT NULL DEFAULT '0'
) ENGINE=InnoDB DEFAULT CHARSET=utf8;

--
-- Dumping data for table `pb_lang`
--

INSERT INTO `pb_lang` (`lang_id`, `lang_name`, `iso_code`, `active`) VALUES
(1, 'Español', 'es', 1),
(2, 'English', 'en', 1);

-- --------------------------------------------------------

--
-- Table structure for table `pb_links`
--

CREATE TABLE `pb_links` (
  `link_id` int(11) NOT NULL,
  `plugin` varchar(32) NOT NULL,
  `source_id` int(11) NOT NULL,
  `type` varchar(11) NOT NULL,
  `link` varchar(256) NOT NULL,
  `date` timestamp NOT NULL DEFAULT CURRENT_TIMESTAMP
) ENGINE=InnoDB DEFAULT CHARSET=utf8;


-- --------------------------------------------------------

--
-- Table structure for table `pb_news`
--

CREATE TABLE `pb_news` (
  `nid` int(11) NOT NULL,
  `lang_id` int(11) NOT NULL,
  `page` int(11) NOT NULL,
  `title` varchar(128) NOT NULL,
  `lead` text,
  `text` longtext NOT NULL,
  `acl` varchar(11) NOT NULL,
  `author` varchar(32) NOT NULL,
  `author_id` int(11) NOT NULL,
  `lang` varchar(2) NOT NULL,
  `category` int(11) NOT NULL,
  `created` timestamp NOT NULL DEFAULT CURRENT_TIMESTAMP,
  `date` timestamp NOT NULL DEFAULT CURRENT_TIMESTAMP,
  `last_edited` timestamp NOT NULL DEFAULT CURRENT_TIMESTAMP ON UPDATE CURRENT_TIMESTAMP,
  `frontpage` tinyint(1) NOT NULL DEFAULT '0',
  `featured` tinyint(1) NOT NULL DEFAULT '0',
  `featured_date` timestamp NULL DEFAULT NULL,
  `moderation` tinyint(1) NOT NULL DEFAULT '0',
  `visits` int(32) NOT NULL DEFAULT '0',
  `translator` varchar(32) DEFAULT NULL,
  `translator_id` int(11) DEFAULT NULL,
  `disabled` tinyint(1) NOT NULL DEFAULT '0',
  `tags` varchar(128) DEFAULT NULL,
  `rating` float NOT NULL DEFAULT '0',
  `rating_closed` tinyint(1) NOT NULL DEFAULT '0'
) ENGINE=InnoDB DEFAULT CHARSET=utf8;

-- --------------------------------------------------------

--
-- Table structure for table `pb_news_ads`
--

CREATE TABLE `pb_news_ads` (
  `adid` int(11) NOT NULL,
  `lang` int(2) DEFAULT NULL,
  `ad_code` text NOT NULL,
  `resource_id` int(11) NOT NULL DEFAULT '0',
  `itsmain` tinyint(1) NOT NULL DEFAULT '0'
) ENGINE=InnoDB DEFAULT CHARSET=utf8;

--
-- Dumping data for table `pb_news_ads`
--

INSERT INTO `pb_news_ads` (`adid`, `lang`, `ad_code`, `resource_id`, `itsmain`) VALUES
(1, NULL, '<img class="image_link" src="https://projectbase.envigo.net/news_img/desktop/file_57cb6478432e5.jpg" alt="" />', 0, 1),
(2, NULL, '<img class=\'image_link\' src=\'https://cdn.makerclub.org/app/uploads/sites/2/2016/05/ComingSoonBanner.png\' alt=\'\' />\r\n', 0, 0);

-- --------------------------------------------------------

--
-- Table structure for table `pb_oauth_users`
--

CREATE TABLE `pb_oauth_users` (
  `id` int(11) NOT NULL,
  `uid` int(32) DEFAULT NULL,
  `oauth_provider` varchar(11) COLLATE utf8_unicode_ci NOT NULL,
  `oauth_uid` varchar(100) COLLATE utf8_unicode_ci NOT NULL,
  `first_name` varchar(50) COLLATE utf8_unicode_ci NOT NULL,
  `last_name` varchar(50) COLLATE utf8_unicode_ci NOT NULL,
  `email` varchar(100) COLLATE utf8_unicode_ci NOT NULL,
  `gender` varchar(5) COLLATE utf8_unicode_ci NOT NULL,
  `picture` varchar(255) COLLATE utf8_unicode_ci NOT NULL,
  `link` varchar(255) COLLATE utf8_unicode_ci NOT NULL,
  `created` datetime NOT NULL DEFAULT CURRENT_TIMESTAMP,
  `modified` datetime NOT NULL DEFAULT CURRENT_TIMESTAMP ON UPDATE CURRENT_TIMESTAMP,
  `enabled` tinyint(1) NOT NULL DEFAULT '1'
) ENGINE=InnoDB DEFAULT CHARSET=utf8 COLLATE=utf8_unicode_ci;


-- --------------------------------------------------------

--
-- Table structure for table `pb_rating_track`
--

CREATE TABLE `pb_rating_track` (
  `rating_id` int(32) NOT NULL,
  `uid` int(11) NOT NULL,
  `ip` varchar(14) NOT NULL DEFAULT '0',
  `section` varchar(32) NOT NULL,
  `resource_id` int(11) NOT NULL,
  `lang_id` int(6) DEFAULT NULL,
  `vote_value` float NOT NULL,
  `date` timestamp NOT NULL DEFAULT CURRENT_TIMESTAMP
) ENGINE=InnoDB DEFAULT CHARSET=utf8;

--
-- Table structure for table `pb_sessions`
--

CREATE TABLE `pb_sessions` (
  `session_id` varchar(64) CHARACTER SET utf8 COLLATE utf8_bin NOT NULL,
  `session_uid` int(11) NOT NULL,
  `session_data` varchar(512) CHARACTER SET utf8 COLLATE utf8_bin DEFAULT NULL,
  `session_ip` varchar(15) NOT NULL,
  `session_browser` text NOT NULL,
  `session_created` timestamp NOT NULL DEFAULT CURRENT_TIMESTAMP,
  `session_update` timestamp NOT NULL DEFAULT CURRENT_TIMESTAMP ON UPDATE CURRENT_TIMESTAMP,
  `session_expire` int(11) NOT NULL,
  `last_login` int(11) NOT NULL DEFAULT '0',
  `session_admin` tinyint(1) NOT NULL DEFAULT '0'
) ENGINE=InnoDB DEFAULT CHARSET=utf8;

--
-- Table structure for table `pb_users`
--

CREATE TABLE `pb_users` (
  `uid` int(32) NOT NULL,
  `username` varchar(32) NOT NULL,
  `password` varchar(128) CHARACTER SET utf8 COLLATE utf8_bin NOT NULL,
  `email` varchar(64) NOT NULL,
  `realname` varchar(64) DEFAULT NULL,
  `regdate` timestamp NOT NULL DEFAULT CURRENT_TIMESTAMP,
  `active` int(12) NOT NULL DEFAULT '1',
  `disable` tinyint(4) NOT NULL DEFAULT '0',
  `isAdmin` tinyint(1) NOT NULL DEFAULT '0',
  `last_login` timestamp NOT NULL DEFAULT CURRENT_TIMESTAMP,
  `reset` int(11) DEFAULT NULL,
  `avatar` varchar(256) DEFAULT NULL,
  `tos` tinyint(1) NOT NULL DEFAULT '1'
) ENGINE=InnoDB DEFAULT CHARSET=utf8;

--
-- Dumping data for table `pb_users`
--

INSERT INTO `pb_users` (`uid`, `username`, `password`, `email`, `realname`, `regdate`, `active`, `disable`, `isAdmin`, `last_login`, `reset`, `avatar`, `tos`) VALUES
(1, 'diego', 'pass', 'diegoo@envigo.net', 'fulanito', '2016-07-25 14:04:38', 0, 0, 0, '2016-09-07 16:01:06', 990898151, 'http://www.progarchives.com/forum/uploads/18319/Mr_Blonde_BandW_300.jpeg', 1),
--
-- Table structure for table `pb_user_extra`
--

CREATE TABLE `pb_user_extra` (
  `kid` int(11) NOT NULL,
  `uid` int(11) NOT NULL,
  `realname` varchar(64) DEFAULT NULL,
  `realname_public` tinyint(1) NOT NULL DEFAULT '0',
  `realname_display` tinyint(1) NOT NULL DEFAULT '0',
  `email_public` tinyint(1) NOT NULL DEFAULT '0',
  `age` tinyint(2) DEFAULT NULL,
  `age_public` tinyint(1) NOT NULL DEFAULT '0',
  `aboutme` text,
  `aboutme_public` tinyint(1) NOT NULL DEFAULT '0',
  `rating_user` int(11) NOT NULL DEFAULT '0',
  `rating_times` int(11) NOT NULL DEFAULT '0'
) ENGINE=InnoDB DEFAULT CHARSET=utf8;

--
-- Dumping data for table `pb_user_extra`
--

INSERT INTO `pb_user_extra` (`kid`, `uid`, `realname`, `realname_public`, `realname_display`, `email_public`, `age`, `age_public`, `aboutme`, `aboutme_public`, `rating_user`, `rating_times`) VALUES
(1, 1, 'Diego García', 1, 1, 1, 40, 1, 'Hola soy yo eewpfewo p ewufpeowfu ewopf pwfu pewfu ewpfu ewpoufwe pofuwpeo ufewpofuew op', 1, 43, 13),

--
-- Indexes for dumped tables
--

--
-- Indexes for table `pb_acl_roles`
--
ALTER TABLE `pb_acl_roles`
  ADD PRIMARY KEY (`role_id`);

--
-- Indexes for table `pb_acl_users`
--
ALTER TABLE `pb_acl_users`
  ADD PRIMARY KEY (`urid`);

--
-- Indexes for table `pb_adv_stats`
--
ALTER TABLE `pb_adv_stats`
  ADD PRIMARY KEY (`advstatid`);

--
-- Indexes for table `pb_aggregator`
--
ALTER TABLE `pb_aggregator`
  ADD PRIMARY KEY (`ag_id`),
  ADD UNIQUE KEY `ag_id` (`ag_id`);

--
-- Indexes for table `pb_categories`
--
ALTER TABLE `pb_categories`
  ADD PRIMARY KEY (`cid`,`plugin`,`lang_id`);

--
-- Indexes for table `pb_comments`
--
ALTER TABLE `pb_comments`
  ADD PRIMARY KEY (`cid`),
  ADD UNIQUE KEY `cid` (`cid`);

--
-- Indexes for table `pb_lang`
--
ALTER TABLE `pb_lang`
  ADD PRIMARY KEY (`lang_id`),
  ADD UNIQUE KEY `lang_id` (`lang_id`);

--
-- Indexes for table `pb_links`
--
ALTER TABLE `pb_links`
  ADD PRIMARY KEY (`link_id`),
  ADD UNIQUE KEY `link_id` (`link_id`);

--
-- Indexes for table `pb_news`
--
ALTER TABLE `pb_news`
  ADD PRIMARY KEY (`nid`,`lang_id`,`page`),
  ADD UNIQUE KEY `nid` (`nid`,`lang_id`,`page`);

--
-- Indexes for table `pb_news_ads`
--
ALTER TABLE `pb_news_ads`
  ADD PRIMARY KEY (`adid`),
  ADD UNIQUE KEY `adid` (`adid`);

--
-- Indexes for table `pb_oauth_users`
--
ALTER TABLE `pb_oauth_users`
  ADD PRIMARY KEY (`id`);

--
-- Indexes for table `pb_rating_track`
--
ALTER TABLE `pb_rating_track`
  ADD PRIMARY KEY (`rating_id`),
  ADD UNIQUE KEY `rating_id` (`rating_id`);

--
-- Indexes for table `pb_sessions`
--
ALTER TABLE `pb_sessions`
  ADD PRIMARY KEY (`session_id`),
  ADD UNIQUE KEY `session_id` (`session_id`);

--
-- Indexes for table `pb_users`
--
ALTER TABLE `pb_users`
  ADD PRIMARY KEY (`uid`),
  ADD UNIQUE KEY `uid` (`uid`),
  ADD UNIQUE KEY `email` (`email`);

--
-- Indexes for table `pb_user_extra`
--
ALTER TABLE `pb_user_extra`
  ADD PRIMARY KEY (`uid`),
  ADD UNIQUE KEY `kid` (`kid`,`uid`),
  ADD KEY `uid` (`uid`);

--
-- AUTO_INCREMENT for dumped tables
--

--
-- AUTO_INCREMENT for table `pb_acl_roles`
--
ALTER TABLE `pb_acl_roles`
  MODIFY `role_id` int(11) NOT NULL AUTO_INCREMENT, AUTO_INCREMENT=5;
--
-- AUTO_INCREMENT for table `pb_acl_users`
--
ALTER TABLE `pb_acl_users`
  MODIFY `urid` int(11) NOT NULL AUTO_INCREMENT, AUTO_INCREMENT=3;
--
-- AUTO_INCREMENT for table `pb_adv_stats`
--
ALTER TABLE `pb_adv_stats`
  MODIFY `advstatid` int(11) NOT NULL AUTO_INCREMENT, AUTO_INCREMENT=936;
--
-- AUTO_INCREMENT for table `pb_aggregator`
--
ALTER TABLE `pb_aggregator`
  MODIFY `ag_id` int(11) NOT NULL AUTO_INCREMENT, AUTO_INCREMENT=8;
--
-- AUTO_INCREMENT for table `pb_comments`
--
ALTER TABLE `pb_comments`
  MODIFY `cid` int(11) NOT NULL AUTO_INCREMENT, AUTO_INCREMENT=51;
--
-- AUTO_INCREMENT for table `pb_lang`
--
ALTER TABLE `pb_lang`
  MODIFY `lang_id` int(11) NOT NULL AUTO_INCREMENT, AUTO_INCREMENT=3;
--
-- AUTO_INCREMENT for table `pb_links`
--
ALTER TABLE `pb_links`
  MODIFY `link_id` int(11) NOT NULL AUTO_INCREMENT, AUTO_INCREMENT=209;
--
-- AUTO_INCREMENT for table `pb_news_ads`
--
ALTER TABLE `pb_news_ads`
  MODIFY `adid` int(11) NOT NULL AUTO_INCREMENT, AUTO_INCREMENT=3;
--
-- AUTO_INCREMENT for table `pb_oauth_users`
--
ALTER TABLE `pb_oauth_users`
  MODIFY `id` int(11) NOT NULL AUTO_INCREMENT, AUTO_INCREMENT=40;
--
-- AUTO_INCREMENT for table `pb_rating_track`
--
ALTER TABLE `pb_rating_track`
  MODIFY `rating_id` int(32) NOT NULL AUTO_INCREMENT, AUTO_INCREMENT=138;
--
-- AUTO_INCREMENT for table `pb_users`
--
ALTER TABLE `pb_users`
  MODIFY `uid` int(32) NOT NULL AUTO_INCREMENT, AUTO_INCREMENT=35;
--
-- AUTO_INCREMENT for table `pb_user_extra`
--
ALTER TABLE `pb_user_extra`
  MODIFY `kid` int(11) NOT NULL AUTO_INCREMENT, AUTO_INCREMENT=32;
/*!40101 SET CHARACTER_SET_CLIENT=@OLD_CHARACTER_SET_CLIENT */;
/*!40101 SET CHARACTER_SET_RESULTS=@OLD_CHARACTER_SET_RESULTS */;
/*!40101 SET COLLATION_CONNECTION=@OLD_COLLATION_CONNECTION */;
